drawdate,n1,n2,n3,n4,n5,cashball,win51,win50,win41,win40,win31,win30,win21,prize51,prize50,prize41,prize40,prize31,prize30,prize21
2015-10-23,10,14,22,30,34,2,0,0,7,31,232,1024,2382,0,0,137,31,12,5,2,
2015-10-21,09,16,18,28,33,3,0,0,17,28,274,926,2488,0,0,50,30,9,5,1,
2015-10-19,05,08,12,26,28,4,1,0,12,49,338,1377,3056,360000,0,90,22,9,4,1,
2015-10-16,01,06,07,29,34,5,0,2,2,37,314,1182,3119,0,1478,553,29,10,5,1,
2015-10-14,11,19,26,27,35,4,0,1,8,42,281,1126,2602,0,18234,121,23,10,5,2,
2015-10-12,12,19,23,32,33,2,0,0,11,48,290,1194,2680,0,0,95,21,10,5,2,
2015-10-09,11,22,29,31,34,1,0,0,6,30,240,1157,2379,0,0,174,34,12,5,2,
2015-10-07,01,04,10,14,25,2,0,0,7,39,222,1161,2201,0,0,130,23,11,4,2,
2015-10-05,02,10,16,20,21,1,0,0,9,33,260,1154,2420,0,0,110,30,11,4,2,
2015-10-02,06,08,09,15,20,4,0,0,8,46,296,1097,2647,0,0,119,20,9,5,1,
2015-09-30,05,11,18,21,32,4,0,0,9,26,251,990,2380,0,0,97,33,10,5,2,
2015-09-28,05,07,10,21,22,2,1,1,7,50,338,1359,2824,320000,26348,150,21,9,4,2,
2015-09-25,01,08,19,29,31,1,0,0,9,42,251,1164,2504,0,0,113,24,11,5,2,
2015-09-23,07,24,28,29,35,3,0,0,8,27,298,1056,2569,0,0,114,34,8,5,1,
2015-09-21,03,05,10,21,29,1,0,0,6,43,301,1229,2550,0,0,166,23,9,4,2,
2015-09-18,07,10,18,19,26,5,0,0,6,39,311,1237,2826,0,0,165,25,9,4,1,
2015-09-16,04,10,12,26,35,3,0,0,10,48,271,1069,2509,0,0,88,18,9,4,1,
2015-09-14,01,16,20,34,35,5,0,0,7,34,274,968,2680,0,0,143,29,10,6,2,
2015-09-11,02,11,22,26,30,2,1,0,16,68,442,1682,4162,838156,0,99,23,10,5,2,
2015-09-09,10,18,20,24,28,2,0,0,21,57,376,1573,3628,0,0,66,24,10,5,2,
2015-09-07,02,10,15,23,35,3,0,1,10,51,410,1454,3439,0,23443,129,25,9,5,2,
2015-09-04,04,12,19,34,35,4,0,0,20,50,395,1507,3742,0,0,71,28,10,5,2,
2015-09-02,12,15,21,25,28,4,0,0,10,53,373,1380,3350,0,0,123,23,9,5,1,
2015-08-31,02,09,14,17,26,1,0,0,16,55,353,1613,3218,0,0,80,23,10,4,2,
2015-08-28,04,12,15,20,26,4,0,0,13,56,318,1270,3272,0,0,95,22,11,5,2,
2015-08-26,05,19,23,25,26,3,0,0,12,38,325,1277,3011,0,0,90,28,9,4,1,
2015-08-24,04,06,07,21,32,5,0,0,6,43,347,1375,3311,0,0,199,27,10,5,1,
2015-08-21,08,09,10,16,18,1,0,1,12,49,269,1366,2933,0,8857,98,24,12,5,2,
2015-08-19,07,08,14,20,29,3,0,0,15,50,325,1158,2859,0,0,66,19,8,4,1,
2015-08-17,07,25,28,29,35,1,0,0,3,50,294,1347,2783,0,0,377,22,11,4,2,
2015-08-14,10,24,25,31,32,5,0,1,11,35,292,1128,2951,0,8518,100,31,11,5,2,
2015-08-12,02,11,28,29,32,4,0,0,18,33,287,988,2573,0,0,54,29,9,5,2,
2015-08-10,14,23,25,32,34,3,0,0,9,35,325,1211,2992,0,0,121,31,9,5,1,
2015-08-07,05,13,19,20,33,4,0,1,10,38,274,1166,2817,0,8270,106,27,11,5,2,
2015-08-05,15,20,25,27,31,1,0,0,18,35,274,1116,2163,0,0,52,26,9,4,2,
2015-08-03,05,18,23,32,35,5,0,0,12,42,347,1175,3002,0,0,91,26,9,5,1,
2015-07-31,06,20,22,24,29,5,0,1,7,46,273,1120,2764,0,15146,148,22,11,5,2,
2015-07-29,04,22,26,33,34,1,0,0,8,28,213,922,1996,0,0,110,31,12,5,2,
2015-07-27,07,13,14,21,23,1,0,0,7,35,323,1407,2621,0,0,141,28,8,4,2,
2015-07-24,03,07,17,20,27,3,0,0,19,34,403,1298,2956,0,0,50,28,6,4,1,
2015-07-22,02,05,07,28,34,4,0,0,6,28,238,999,2417,0,0,142,30,10,4,1,
2015-07-20,06,09,17,19,34,5,0,0,16,29,330,1171,2672,0,0,58,32,8,4,1,
2015-07-17,01,17,22,25,28,4,0,2,9,36,270,1093,2509,0,12773,106,26,10,5,2,
2015-07-15,07,11,27,28,33,1,1,0,21,72,421,1942,3791,942088,0,71,20,10,4,2,
2015-07-13,03,05,23,32,34,4,0,0,12,63,424,1652,4115,0,0,128,24,10,5,2,
2015-07-10,01,07,19,26,27,5,0,0,15,62,440,1886,4065,0,0,100,24,9,4,2,
2015-07-08,04,11,12,15,20,4,0,0,19,51,419,1544,3826,0,0,71,26,9,5,1,
2015-07-06,01,05,07,16,32,2,0,0,15,64,383,1546,3568,0,0,88,20,10,5,2,
2015-07-03,02,09,15,20,32,5,0,0,9,44,341,1390,3502,0,0,150,30,11,5,2,
2015-07-01,03,08,17,18,19,1,0,1,11,43,335,1451,2841,0,6441,105,26,10,4,2,
2015-06-29,04,05,07,21,34,5,0,0,7,39,375,1371,3486,0,0,178,32,9,5,1,
2015-06-26,03,14,18,28,30,4,0,1,8,47,335,1365,3225,0,18095,149,25,10,5,2,
2015-06-24,05,11,21,26,31,5,0,0,10,52,372,1201,2990,0,0,108,20,8,5,1,
2015-06-22,12,15,20,21,25,5,0,0,9,39,380,1338,3420,0,0,131,30,9,5,1,
2015-06-19,01,15,24,27,30,4,0,0,12,34,306,1244,3011,0,0,96,34,11,5,2,
2015-06-17,04,12,15,19,35,1,0,0,7,47,259,1240,2471,0,0,146,21,11,4,2,
2015-06-15,01,05,09,29,32,3,0,0,11,36,373,1204,3125,0,0,101,30,8,5,1,
2015-06-12,05,13,29,34,35,1,0,1,13,36,250,1131,2575,0,11419,85,30,12,5,2,
2015-06-10,20,26,27,28,32,4,0,0,5,33,241,1005,2469,0,0,197,29,11,5,2,
2015-06-08,01,08,21,24,30,3,0,0,9,58,283,1138,3007,0,0,121,18,11,5,1,
2015-06-05,03,05,20,27,31,4,0,0,11,34,257,1179,2911,0,0,98,31,12,5,2,
2015-06-03,01,08,16,20,27,4,0,1,4,42,288,1042,2598,0,17844,238,22,9,5,1,
2015-06-01,10,19,25,27,29,3,0,0,11,44,372,1287,3158,0,0,98,24,8,4,1,
2015-05-29,10,17,27,31,33,2,0,0,11,36,260,1225,2672,0,0,94,28,11,4,2,
2015-05-27,02,25,26,27,33,5,0,0,9,27,219,948,2390,0,0,100,33,12,5,2,
2015-05-25,03,07,14,15,23,5,0,0,10,40,312,1139,2534,0,0,87,21,8,4,1,
2015-05-22,10,14,16,17,27,5,0,0,7,33,290,1078,2720,0,0,138,29,9,5,1,
2015-05-20,05,16,23,29,34,3,0,0,4,26,245,933,2436,0,0,213,32,10,5,1,
2015-05-18,04,11,25,32,33,1,0,1,11,39,249,1079,2331,0,20505,86,24,11,5,2,
2015-05-15,08,09,10,12,14,4,0,0,8,50,278,1212,2810,0,0,117,18,9,4,1,
2015-05-13,01,05,17,27,32,5,0,0,11,23,214,821,2262,0,0,74,35,11,5,1,
2015-05-11,13,21,22,31,33,2,1,0,7,44,273,1226,2606,300000,0,147,23,10,4,2,
2015-05-08,07,13,14,19,29,5,0,0,10,49,331,1299,2906,0,0,100,20,8,4,1,
2015-05-06,01,04,16,25,32,4,0,0,6,33,240,927,2402,0,0,149,27,10,5,2,
2015-05-04,20,24,27,30,31,1,0,0,3,33,261,1171,2410,0,0,339,30,11,5,2,
2015-05-01,07,09,23,24,30,1,0,0,7,48,240,1224,2493,0,0,143,20,12,4,2,
2015-04-29,06,07,14,15,27,1,0,1,9,32,254,1076,2244,0,14182,95,26,9,4,2,
2015-04-27,04,07,31,32,33,2,1,0,6,45,282,1198,2954,400000,0,193,25,11,5,2,
2015-04-24,06,15,25,31,33,2,0,0,7,38,271,1253,2715,0,0,163,30,12,5,2,
2015-04-22,05,10,13,16,26,4,0,0,8,38,272,1138,2663,0,0,127,26,10,5,2,
2015-04-20,15,17,18,30,32,2,0,0,11,54,319,1207,2821,0,0,102,20,10,5,2,
2015-04-17,02,10,11,15,16,4,0,1,8,40,302,1273,2970,0,16583,138,27,10,5,2,
2015-04-15,02,05,12,16,33,4,0,0,13,29,277,1114,2591,0,0,75,33,10,5,2,
2015-04-13,14,23,24,29,35,2,0,0,3,38,304,1169,2701,0,0,351,27,10,5,2,
2015-04-10,07,22,24,27,34,2,0,0,8,42,305,1201,2729,0,0,132,25,10,5,2,
2015-04-08,01,13,22,31,33,3,0,0,15,30,313,1044,2611,0,0,63,31,8,5,1,
2015-04-06,15,18,28,33,35,3,0,0,14,51,307,1199,2932,0,0,74,20,9,5,1,
2015-04-03,18,27,30,32,35,4,0,1,9,49,277,1129,2838,0,13512,121,22,11,5,2,
2015-04-01,04,12,18,21,29,3,1,0,27,80,614,2311,5717,1093632,0,70,23,9,4,1,
2015-03-30,08,13,17,24,31,4,0,0,19,98,607,2557,5565,0,0,108,20,9,4,2,
2015-03-27,05,14,15,26,33,4,0,1,11,66,483,1912,4778,0,4884,166,27,10,5,2,
2015-03-25,01,07,20,27,28,2,0,1,12,49,449,1732,4072,0,4215,131,32,10,5,2,
2015-03-23,02,07,10,15,18,5,0,3,17,63,510,1876,4544,0,9919,92,25,9,4,1,
2015-03-20,02,06,11,32,33,1,0,0,16,56,366,1571,3958,0,0,97,27,12,5,2,
2015-03-18,02,07,10,21,32,2,0,0,7,50,337,1618,3518,0,0,193,27,11,4,2,
2015-03-16,01,03,06,17,18,3,0,0,14,55,425,1644,4275,0,0,102,26,9,5,1,
2015-03-13,12,20,29,30,32,4,0,0,10,49,374,1501,3723,0,0,142,29,11,5,2,
2015-03-11,05,18,21,26,30,5,0,0,13,50,402,1279,3424,0,0,95,24,8,5,1,
2015-03-09,04,10,18,19,28,3,0,0,6,65,428,1621,3955,0,0,228,21,9,4,1,
2015-03-06,07,08,12,22,23,2,0,0,4,49,327,1459,3033,0,0,289,23,10,4,2,
2015-03-04,08,10,14,23,25,4,0,4,16,48,349,1414,3377,0,6574,74,24,9,4,1,
2015-03-02,15,16,18,33,35,2,0,0,12,44,317,1378,3068,0,0,108,29,11,5,2,
2015-02-27,01,08,12,13,34,2,0,0,18,39,293,1254,3110,0,0,66,30,11,5,2,
2015-02-25,01,05,11,26,34,3,0,0,12,36,330,1141,3056,0,0,88,29,9,5,1,
2015-02-23,01,11,25,26,33,5,0,0,11,37,283,1220,2967,0,0,100,29,11,5,2,
2015-02-20,05,07,09,10,35,2,0,0,6,30,289,1371,2784,0,0,179,35,10,4,2,
2015-02-18,06,16,19,31,35,5,0,0,10,29,243,901,2221,0,0,85,29,10,5,2,
2015-02-16,03,09,15,19,23,4,0,0,10,36,275,1188,2724,0,0,89,24,9,4,1,
2015-02-13,07,08,25,30,31,5,0,0,5,23,305,1275,3029,0,0,231,50,11,5,2,
2015-02-11,01,04,08,10,20,5,0,1,13,52,378,1380,3396,0,9217,92,23,9,5,1,
2015-02-09,08,14,15,20,21,3,0,0,12,44,323,1251,3278,0,0,97,26,10,5,1,
2015-02-06,05,09,27,32,34,5,0,0,12,52,292,1159,2883,0,0,90,20,10,5,2,
2015-02-04,05,11,19,20,26,2,0,1,9,37,267,1165,2463,0,23021,109,26,10,4,2,
2015-02-02,01,07,11,15,29,3,0,0,19,40,351,1212,3025,0,0,51,24,8,4,1,
2015-01-30,16,18,22,27,34,1,0,0,12,37,248,1097,2299,0,0,82,26,11,5,2,
2015-01-28,01,02,04,18,27,4,0,0,8,29,276,883,2320,0,0,104,28,8,5,1,
2015-01-26,05,15,27,28,31,2,0,0,8,36,231,1054,2429,0,0,114,25,11,5,2,
2015-01-23,04,10,21,22,31,5,1,0,16,60,426,1483,3780,749724,0,87,23,9,5,2,
2015-01-21,02,08,22,23,24,3,0,0,16,47,357,1341,3463,0,0,75,25,9,5,1,
2015-01-19,02,12,19,32,35,2,0,0,10,53,373,1421,3336,0,0,129,24,10,5,2,
2015-01-16,17,22,23,26,27,1,0,1,10,37,348,1571,3345,0,15686,131,35,10,4,2,
2015-01-14,10,15,17,24,29,5,0,0,17,39,319,1310,3203,0,0,65,28,10,4,1,
2015-01-12,02,17,21,26,35,3,0,0,13,37,320,1329,3384,0,0,93,32,10,5,1,
2015-01-09,06,17,19,26,34,4,0,0,10,42,330,1279,3121,0,0,118,28,10,5,2,
2015-01-07,03,12,16,17,26,3,0,0,5,32,284,1124,2885,0,0,207,32,10,5,1,
2015-01-05,03,09,20,24,33,3,0,2,10,47,411,1435,3390,0,1601,119,25,8,4,1,
2015-01-02,02,15,24,26,35,5,0,1,13,37,308,1170,3005,0,6001,87,30,10,5,2,
2014-12-31,06,12,14,15,19,1,0,0,6,47,304,1304,2760,0,0,183,23,10,4,2,
2014-12-29,02,09,15,18,33,5,0,2,11,38,326,1241,2992,0,4167,101,29,9,5,2,
2014-12-26,18,24,28,30,34,3,0,0,8,33,328,1053,2497,0,0,122,29,8,5,2,
2014-12-24,01,02,16,20,29,1,0,0,8,27,218,1068,2574,0,0,128,38,13,5,2,
2014-12-22,08,10,19,22,23,5,0,2,18,49,369,1257,3099,0,10457,60,22,8,5,1,
2014-12-19,11,12,28,31,34,4,0,0,7,38,328,1161,2773,0,0,151,27,9,5,2,
2014-12-17,12,15,18,28,33,2,0,0,10,39,253,963,2293,0,0,92,23,10,5,2,
2014-12-15,08,15,16,26,28,4,0,0,13,51,309,1098,2783,0,0,78,20,9,5,1,
2014-12-12,03,13,23,29,35,5,0,0,12,47,300,1163,2559,0,0,80,20,9,4,2,
2014-12-10,02,10,20,26,31,5,0,0,7,26,249,976,2272,0,0,122,33,10,5,2,
2014-12-08,10,17,26,28,29,5,0,0,7,34,281,1057,2697,0,0,136,28,9,5,1,
2014-12-05,04,06,07,13,26,3,0,0,8,39,273,1146,2722,0,0,117,24,9,4,1,
2014-12-03,02,14,21,24,34,3,0,1,10,41,275,989,2438,0,6689,86,21,9,5,1,
2014-12-01,20,24,27,31,34,3,1,0,15,47,424,1682,4304,1002836,0,109,34,11,5,2,
2014-11-28,16,23,24,27,29,1,0,1,15,41,342,1462,3211,0,3567,88,32,11,5,2,
2014-11-26,05,10,15,18,25,4,0,1,24,106,411,1681,3814,0,11367,58,13,9,4,2,
2014-11-24,03,08,25,30,31,2,0,0,11,59,369,1655,3518,0,0,129,24,11,4,2,
2014-11-21,01,05,06,07,27,5,0,0,10,51,454,1617,4024,0,0,142,27,9,5,1,
2014-11-19,02,09,12,19,25,2,0,1,10,57,383,1588,3240,0,3257,121,21,9,4,2,
2014-11-17,06,10,16,23,27,2,0,3,23,52,362,1647,3457,0,2332,56,25,10,4,2,
2014-11-14,11,16,25,27,34,1,0,0,18,46,344,1474,3187,0,0,72,28,11,5,2,
2014-11-12,08,10,26,27,29,3,0,1,9,38,310,1356,3150,0,12542,127,30,10,4,1,
2014-11-10,02,17,24,31,32,3,0,0,10,50,370,1303,3274,0,0,125,25,9,5,2,
2014-11-07,08,15,17,28,30,2,0,0,13,49,339,1361,3082,0,0,93,24,10,5,2,
2014-11-05,06,14,19,30,31,1,0,0,14,55,295,1230,2552,0,0,76,19,10,5,2,
2014-11-03,11,15,16,23,25,3,0,1,14,41,369,1393,3506,0,19929,86,29,9,5,1,
2014-10-31,03,22,23,30,34,4,0,0,8,39,321,1191,2856,0,0,142,29,10,5,2,
2014-10-29,06,07,21,28,34,5,0,0,15,34,293,1139,2735,0,0,66,29,9,5,1,
2014-10-27,05,21,25,30,33,4,0,0,11,40,262,1133,2651,0,0,97,26,11,5,2,
2014-10-24,04,15,16,24,26,1,0,0,11,36,255,1177,2558,0,0,96,29,12,5,2,
2014-10-22,02,09,13,16,34,5,0,0,10,31,280,1058,2568,0,0,94,30,9,5,1,
2014-10-20,02,18,29,31,35,2,0,0,5,27,293,1117,2526,0,0,209,38,10,5,2,
2014-10-17,11,17,18,20,21,4,0,1,18,39,296,1188,2942,0,2825,58,27,10,5,1,
2014-10-15,07,12,15,27,33,3,0,1,10,36,297,1127,2829,0,2455,91,25,8,4,1,
2014-10-13,02,07,19,26,27,1,0,1,3,30,259,1203,2392,0,7588,320,32,10,4,2,
2014-10-10,10,11,19,21,25,3,0,0,6,33,327,1138,3035,0,0,165,30,8,5,1,
2014-10-08,01,12,13,25,32,5,0,0,7,35,255,982,2416,0,0,126,25,10,5,1,
2014-10-06,07,08,12,17,21,5,0,2,6,55,304,1291,2971,0,6197,162,17,9,4,1,
2014-10-03,01,04,21,29,31,1,0,0,11,35,250,1019,2457,0,0,89,28,11,5,2,
2014-10-01,01,04,09,13,25,4,0,0,8,45,263,1106,2420,0,0,107,19,9,4,1,
2014-09-29,13,21,23,28,34,4,0,0,10,32,265,1071,2420,0,0,91,28,10,4,2,
2014-09-26,02,05,25,28,29,2,0,0,9,22,211,914,2216,0,0,99,40,12,5,2,
2014-09-24,03,10,15,21,25,2,0,1,5,34,223,975,2031,0,19505,161,23,10,4,2,
2014-09-22,04,12,14,19,28,3,1,0,11,41,339,1164,2958,320000,0,89,24,8,4,1,
2014-09-19,04,12,20,27,35,1,0,0,7,38,236,1135,2344,0,0,141,26,12,5,2,
2014-09-17,03,12,17,18,22,5,0,0,10,26,276,1015,2417,0,0,87,33,9,4,1,
2014-09-15,06,09,12,21,35,4,0,0,13,29,246,1122,2679,0,0,72,32,11,4,1,
2014-09-12,01,10,16,33,34,5,0,0,13,41,229,912,2372,0,0,72,22,11,6,2,
2014-09-10,01,03,08,09,13,1,0,0,7,33,264,1094,2209,0,0,119,25,9,4,2,
2014-09-08,08,09,14,27,28,1,0,0,6,34,268,1144,2420,0,0,152,26,9,4,2,
2014-09-05,06,07,14,24,25,1,1,2,7,41,274,1189,2468,260000,9959,138,23,10,4,2,
2014-09-03,07,10,14,24,25,4,0,0,13,42,298,1140,2563,0,0,68,21,8,4,1,
2014-09-01,02,14,21,24,31,5,0,0,7,32,241,927,2221,0,0,116,25,9,5,1,
2014-08-29,07,22,28,34,35,5,0,0,9,46,317,1163,2706,0,0,110,21,9,4,1,
2014-08-27,06,12,16,21,25,4,1,0,20,73,520,2105,5132,1685714,0,91,25,10,5,1,
2014-08-25,04,05,28,30,32,5,0,0,25,66,512,2067,5108,0,0,77,29,11,5,2,
2014-08-22,07,11,14,22,32,1,0,4,23,108,610,2519,5223,0,1320,85,18,9,4,2,
2014-08-20,12,22,30,33,35,2,0,1,17,64,503,2036,4550,0,4725,103,27,10,5,2,
2014-08-18,02,04,08,09,18,1,0,2,21,83,575,2349,4871,0,2544,90,22,9,4,2,
2014-08-15,01,04,05,22,26,1,0,1,15,65,514,1992,4953,0,14741,129,29,10,5,2,
2014-08-13,07,10,13,33,34,3,0,0,26,69,523,1914,4949,0,0,66,24,9,5,1,
2014-08-11,12,14,17,23,32,5,0,0,23,82,607,2283,5174,0,0,80,22,8,4,1,
2014-08-08,01,07,13,26,28,4,0,1,11,73,516,2164,5004,0,19664,170,25,10,5,2,
2014-08-06,08,12,16,17,27,2,0,0,18,79,530,2212,4643,0,0,94,21,9,4,1,
2014-08-04,02,07,09,17,26,3,0,0,13,95,609,2333,5405,0,0,146,20,9,4,1,
2014-08-01,02,05,12,18,23,3,0,0,23,65,586,2137,5231,0,0,82,29,9,5,1,
2014-07-30,13,20,27,28,33,4,0,1,16,45,481,1819,4490,0,16733,106,38,10,5,2,
2014-07-28,03,09,22,24,27,3,0,0,16,65,524,1873,4720,0,0,99,24,8,4,1,
2014-07-25,01,05,14,29,31,3,0,0,19,68,451,1723,4291,0,0,84,23,10,5,2,
2014-07-23,01,11,16,21,26,3,0,0,31,76,379,1470,3748,0,0,43,17,10,5,1,
2014-07-21,06,08,23,25,29,5,0,1,15,55,475,1774,4191,0,7927,97,26,8,4,1,
2014-07-18,09,13,14,31,32,2,0,0,8,48,346,1568,3640,0,0,187,31,12,5,2,
2014-07-16,09,20,25,27,32,5,0,2,18,53,340,1279,3511,0,12827,70,24,10,5,1,
2014-07-14,05,12,29,32,34,1,0,0,15,40,347,1386,3144,0,0,87,32,11,5,2,
2014-07-11,01,08,09,16,25,1,0,0,22,51,336,1437,3170,0,0,57,24,10,5,2,
2014-07-09,04,08,14,24,29,4,0,0,17,54,415,1406,3359,0,0,67,21,8,4,1,
2014-07-07,03,06,27,30,33,3,0,0,11,40,424,1293,3499,0,0,112,30,8,5,1,
2014-07-04,16,17,19,33,34,2,0,0,10,55,287,1138,2714,0,0,111,20,11,5,2,
2014-07-02,06,12,16,21,34,5,0,0,8,35,298,1148,2805,0,0,133,30,10,5,2,
2014-06-30,03,06,12,14,24,2,0,0,19,63,360,1573,3180,0,0,61,18,9,4,1,
2014-06-27,01,09,13,27,30,5,0,1,13,40,293,1256,3164,0,8614,87,28,11,5,1,
2014-06-25,14,15,29,30,32,2,0,0,6,32,284,963,2647,0,0,165,31,10,5,2,
2014-06-23,11,20,26,31,34,4,0,0,11,32,310,1154,2790,0,0,98,33,10,5,2,
2014-06-20,08,18,21,25,35,1,0,1,9,38,272,1171,2578,0,5388,118,28,11,5,2,
2014-06-18,02,05,15,30,32,1,0,0,3,36,270,907,2499,0,0,315,26,10,6,2,
2014-06-16,05,06,09,17,19,5,0,1,13,45,347,1239,2979,0,5498,79,23,8,4,1,
2014-06-13,10,27,28,31,35,3,0,0,7,39,268,1062,2628,0,0,145,26,11,5,2,
2014-06-11,01,15,16,18,20,4,0,1,6,21,188,900,2105,0,12215,146,41,13,5,2,
2014-06-09,05,10,11,27,34,4,0,0,10,41,281,1159,2698,0,0,97,23,10,4,1,
2014-06-06,05,06,31,33,34,3,0,0,8,39,235,937,2447,0,0,119,24,11,5,2,
2014-06-04,11,15,23,24,35,5,0,0,6,33,263,924,2262,0,0,142,25,9,5,2,
2014-06-02,04,09,22,32,34,4,0,0,10,34,273,975,2451,0,0,90,26,9,5,1,
2014-05-30,07,21,28,30,32,3,0,1,13,32,251,978,2488,0,15630,67,27,10,5,1,
2014-05-28,10,11,16,19,21,3,0,0,6,25,264,925,2267,0,0,128,30,8,4,1,
2014-05-26,04,05,11,16,35,4,0,0,14,20,220,808,2052,0,0,54,38,10,5,2,
2014-05-23,02,03,08,19,23,5,0,0,9,36,251,1103,2266,0,0,94,23,9,4,2,
2014-05-21,03,13,21,27,31,5,1,0,4,31,255,1006,2112,280000,0,196,25,8,4,2,
2014-05-19,04,11,22,26,34,3,0,0,10,29,279,1010,2781,0,0,90,31,9,5,1,
2014-05-16,06,08,14,26,31,2,0,0,10,32,273,1090,2147,0,0,89,27,9,4,2,
2014-05-14,06,14,16,19,24,4,0,1,11,34,225,786,2101,0,11209,68,22,9,5,1,
2014-05-12,04,11,14,31,35,2,0,0,6,30,241,1045,2125,0,0,137,27,9,4,2,
2014-05-09,11,13,16,21,28,5,1,0,4,37,321,1081,2479,260000,0,230,24,8,4,2,
2014-05-07,01,06,13,22,25,1,0,0,5,30,198,936,1989,0,0,159,26,11,4,2,
2014-05-05,08,25,27,29,33,2,0,0,11,39,215,1030,2273,0,0,81,22,12,5,2,
2014-05-02,04,06,19,30,31,4,0,2,11,27,242,946,2514,0,3733,82,33,10,5,1,
2014-04-30,03,22,25,28,29,1,1,0,9,43,234,981,2134,380000,0,101,21,11,5,2,
2014-04-28,03,08,20,24,29,5,0,0,4,38,262,1156,2671,0,0,244,25,10,4,1,
2014-04-25,03,06,15,16,31,2,0,2,12,40,244,1045,2471,0,2501,83,24,11,5,2,
2014-04-23,12,14,23,30,34,5,0,0,14,38,263,976,2419,0,0,62,23,9,5,1,
2014-04-21,01,11,15,23,31,3,0,1,17,31,318,1202,2819,0,2611,57,31,8,4,1,
2014-04-18,02,09,25,29,30,1,0,1,8,36,256,1062,2401,0,24917,120,26,10,5,2,
2014-04-16,01,04,11,24,31,4,0,0,11,43,261,999,2399,0,0,78,20,9,5,1,
2014-04-14,18,19,27,31,35,4,0,0,6,29,255,1062,2532,0,0,157,32,10,5,2,
2014-04-11,10,14,20,21,22,3,0,0,3,31,251,1014,2697,0,0,312,30,10,5,1,
2014-04-09,12,14,27,29,30,5,0,0,3,33,242,955,2374,0,0,280,25,10,5,1,
2014-04-07,05,10,25,27,33,5,1,0,15,50,391,1396,3440,522470,0,84,25,9,5,1,
2014-04-04,01,14,17,23,28,4,0,0,11,58,342,1375,3422,0,0,110,21,10,5,1,
2014-04-02,01,07,12,22,34,4,0,0,11,43,352,1243,3003,0,0,98,25,8,5,1,
2014-03-31,03,11,12,13,30,3,0,0,16,45,408,1367,3767,0,0,74,26,8,5,1,
2014-03-28,09,13,16,18,28,5,0,1,15,44,344,1396,3210,0,14654,78,26,10,4,2,
2014-03-26,03,05,12,25,35,2,0,0,14,47,271,1168,2626,0,0,73,21,10,5,2,
2014-03-24,06,07,10,15,23,5,0,0,14,41,362,1398,3228,0,0,80,27,9,4,1,
2014-03-21,17,19,21,22,32,5,0,0,7,35,311,1217,2861,0,0,161,32,10,5,2,
2014-03-19,17,19,26,32,33,5,0,0,9,34,244,946,2553,0,0,113,29,12,6,2,
2014-03-17,01,02,12,22,33,5,0,1,10,36,298,1245,3019,0,8524,111,30,10,5,1,
2014-03-14,06,08,11,22,28,4,0,0,13,49,358,1439,3203,0,0,86,23,9,4,1,
2014-03-12,01,04,06,07,26,1,0,0,6,35,247,1083,2407,0,0,158,27,11,5,2,
2014-03-10,02,15,16,24,27,1,0,1,6,54,256,1149,2507,0,8164,175,19,11,5,2,
2014-03-07,06,17,22,30,34,1,0,0,8,31,249,1229,2459,0,0,134,34,12,5,2,
2014-03-05,03,07,16,20,33,1,0,0,11,35,277,1059,2334,0,0,84,26,9,5,2,
2014-03-03,08,11,15,31,33,1,0,1,11,45,260,1189,2487,0,2523,85,20,10,4,2,
2014-02-28,04,06,11,14,23,5,2,2,17,79,523,2205,4994,427088,10696,106,22,10,4,1,
2014-02-26,05,23,30,33,35,4,0,0,30,57,465,1696,4070,0,0,53,28,10,5,2,
2014-02-24,07,08,13,18,24,2,0,0,16,82,493,2004,4294,0,0,98,19,9,4,1,
2014-02-21,01,03,14,19,21,4,0,0,15,80,458,1823,4236,0,0,107,20,10,5,2,
2014-02-19,01,17,28,32,35,2,0,0,15,46,358,1478,3510,0,0,93,30,11,5,2,
2014-02-17,11,22,29,33,35,4,0,1,18,54,448,1668,3854,0,10366,80,26,9,5,2,
2014-02-14,14,19,21,22,35,5,0,0,10,45,403,1343,3575,0,0,130,29,9,5,1,
2014-02-12,07,20,22,25,27,4,0,0,15,46,333,1288,3186,0,0,74,24,9,5,1,
2014-02-10,03,05,08,14,25,1,0,1,7,53,353,1673,3220,0,3462,185,24,10,4,2,
2014-02-07,08,20,21,22,31,3,0,2,9,44,339,1333,3287,0,1640,136,27,10,5,2,
2014-02-05,01,11,15,18,28,5,0,1,11,57,299,1149,2860,0,27633,96,18,10,5,2,
2014-02-03,03,08,17,19,27,1,0,0,11,59,334,1627,2964,0,0,105,19,10,4,2,
2014-01-31,06,10,13,14,18,4,0,0,10,51,337,1305,3109,0,0,114,22,9,5,2,
2014-01-29,01,03,21,23,31,4,0,0,4,32,218,982,2283,0,0,220,27,11,5,2,
2014-01-27,06,10,27,33,34,3,0,0,14,33,331,1206,3039,0,0,75,32,9,5,1,
2014-01-24,07,24,27,28,33,5,0,0,10,58,318,1246,2847,0,0,105,18,9,4,2,
2014-01-22,02,09,17,30,32,4,0,0,10,39,276,987,2534,0,0,93,23,9,5,1,
2014-01-20,03,12,19,21,27,5,0,0,17,44,328,1345,3082,0,0,61,23,9,4,1,
2014-01-17,10,14,16,17,24,1,0,0,9,44,287,1235,2701,0,0,118,24,10,5,2,
2014-01-15,19,22,25,29,31,3,0,0,13,31,248,1055,2554,0,0,70,29,10,5,1,
2014-01-13,04,06,11,20,29,3,0,2,12,47,336,1191,2834,0,3826,82,21,8,4,1,
2014-01-10,06,07,10,21,33,2,0,0,12,39,279,1221,2685,0,0,85,26,10,4,2,
2014-01-08,09,20,25,30,33,1,0,0,10,26,202,905,2071,0,0,85,32,12,5,2,
2014-01-06,08,14,27,31,33,4,0,1,12,28,274,1013,2539,0,2409,75,32,9,5,1,
2014-01-03,18,28,29,31,33,2,1,1,2,34,241,1048,2459,240000,20551,515,30,12,5,2,
2014-01-01,01,02,07,27,35,3,0,0,7,35,271,938,2470,0,0,119,23,8,5,1,
2013-12-30,06,15,20,27,31,5,0,0,11,42,304,1135,2630,0,0,89,23,9,5,2,
2013-12-27,02,06,09,14,30,4,1,0,15,48,339,1137,2869,280000,0,68,21,8,5,1,
2013-12-25,06,09,21,23,29,5,0,0,2,26,218,892,2068,0,0,362,27,9,4,1,
2013-12-23,05,08,13,20,27,4,0,0,14,42,328,1279,2952,0,0,75,25,9,4,1,
2013-12-20,06,08,12,30,32,3,0,0,11,46,304,1084,2905,0,0,94,22,9,5,1,
2013-12-18,01,06,14,26,31,2,0,0,8,37,259,966,2284,0,0,121,26,10,5,2,
2013-12-16,08,10,20,23,25,5,1,1,9,42,363,1300,2969,200000,9053,115,24,8,4,1,
2013-12-13,02,14,19,26,30,1,1,0,10,58,342,1378,3123,360000,0,130,22,11,5,2,
2013-12-11,08,10,13,20,28,4,0,0,14,52,292,1240,2900,0,0,74,20,10,4,1,
2013-12-09,08,21,24,27,33,1,0,1,8,48,308,1270,2867,0,19508,138,23,10,5,2,
2013-12-06,02,03,19,29,31,5,0,0,13,41,296,1253,2905,0,0,85,27,10,5,2,
2013-12-04,06,11,15,19,25,3,0,0,11,46,333,1165,3112,0,0,92,22,8,5,1,
2013-12-02,21,23,27,33,35,4,0,0,9,34,308,1196,2983,0,0,120,31,10,5,1,
2013-11-29,11,18,20,27,35,5,0,0,11,31,263,1027,2486,0,0,86,30,10,5,2,
2013-11-27,10,12,23,27,32,4,0,0,6,40,289,1201,2901,0,0,160,24,9,4,1,
2013-11-25,14,19,22,25,33,2,0,0,15,52,310,1267,2901,0,0,70,20,9,4,1,
2013-11-22,03,08,15,17,23,3,1,2,35,74,760,2717,6387,1244856,5434,61,29,8,4,1,
2013-11-20,15,21,29,31,35,5,0,0,23,75,519,2048,4980,0,0,83,25,10,5,2,
2013-11-18,04,06,10,20,27,4,0,2,29,88,630,2497,5504,0,2653,68,22,9,4,1,
2013-11-15,01,10,15,20,27,5,0,1,16,70,624,2289,5533,0,33831,130,29,9,5,2,
2013-11-13,11,17,21,22,35,1,0,0,11,59,499,2235,4774,0,0,170,31,10,4,2,
2013-11-11,06,11,12,14,20,3,0,0,14,82,541,2172,5430,0,0,131,22,9,4,1,
2013-11-08,01,19,23,24,28,1,0,0,15,69,508,1877,4667,0,0,123,26,10,5,2,
2013-11-06,01,04,10,17,28,5,0,0,14,59,457,1970,4328,0,0,117,27,10,4,2,
2013-11-04,01,12,14,15,17,3,0,0,10,63,512,1859,4642,0,0,168,26,9,5,1,
2013-11-01,07,14,16,29,33,2,0,0,14,77,469,1938,4255,0,0,119,21,10,5,2,
2013-10-30,09,17,24,34,35,5,0,2,18,53,402,1596,3704,0,8729,76,25,9,4,2,
2013-10-28,11,12,20,29,31,4,0,0,18,37,424,1636,3933,0,0,77,37,9,4,1,
2013-10-25,03,10,11,12,29,4,0,0,13,66,419,1755,3961,0,0,107,21,9,4,1,
2013-10-23,09,16,22,24,30,4,0,0,11,50,316,1278,3090,0,0,105,23,10,5,2,
2013-10-21,01,13,16,29,30,3,0,0,10,38,292,1273,3242,0,0,120,31,11,5,2,
2013-10-18,01,13,19,29,30,4,0,1,12,50,336,1329,3194,0,8986,102,24,10,5,2,
2013-10-16,02,04,14,15,26,1,0,0,14,52,251,1090,2582,0,0,73,19,11,5,2,
2013-10-14,02,22,24,28,29,1,0,0,11,49,257,1189,2695,0,0,99,22,12,5,2,
2013-10-11,12,17,21,29,30,2,0,1,9,45,313,1222,2893,0,2984,124,24,10,5,2,
2013-10-09,01,02,23,24,29,5,0,1,10,36,262,1013,2573,0,16517,99,27,11,5,2,
2013-10-07,09,14,15,20,35,1,0,0,7,46,258,1191,2794,0,0,155,23,12,5,2,
2013-10-04,07,09,15,29,32,3,0,0,8,40,321,1131,3004,0,0,135,27,9,5,1,
2013-10-02,02,04,05,07,21,4,0,0,10,36,277,1198,2650,0,0,94,26,9,4,1,
2013-09-30,07,09,18,23,31,4,0,0,13,40,344,1294,3049,0,0,79,25,8,4,1,
2013-09-27,17,27,30,31,34,4,0,0,8,40,233,1073,2633,0,0,128,25,12,5,2,
2013-09-25,05,11,16,20,28,3,0,1,9,34,252,991,2623,0,9959,100,26,10,5,1,
2013-09-23,14,16,24,30,35,3,0,0,5,35,265,939,2583,0,0,189,27,10,5,1,
2013-09-20,04,09,10,14,27,4,0,0,10,42,339,1157,2826,0,0,94,22,8,4,1,
2013-09-18,01,03,07,12,23,4,0,0,12,42,306,1238,2689,0,0,76,21,8,4,1,
2013-09-16,05,08,10,17,20,2,0,1,8,40,316,1251,2608,0,11021,117,23,8,4,1,
2013-09-13,17,18,23,25,29,1,0,0,7,35,291,1133,2438,0,0,140,28,9,5,2,
2013-09-11,02,06,14,23,28,1,1,0,6,43,267,1275,2618,480000,0,176,24,11,4,2,
2013-09-09,10,12,20,30,31,3,0,0,13,47,341,1266,3212,0,0,87,24,9,5,1,
2013-09-06,08,12,15,22,23,1,0,1,15,61,339,1452,2924,0,13905,76,18,9,4,2,
2013-09-04,04,06,20,24,30,5,0,0,10,28,293,1102,2707,0,0,103,37,10,5,2,
2013-09-02,07,12,13,14,29,4,0,0,11,39,305,1163,2885,0,0,89,25,9,4,1,
2013-08-30,07,08,13,24,28,1,0,0,11,52,293,1416,2801,0,0,98,20,10,4,2,
2013-08-28,15,17,26,28,33,2,0,0,8,38,231,1041,2307,0,0,118,25,11,5,2,
2013-08-26,02,07,09,14,24,3,0,2,18,52,391,1364,3159,0,6781,57,19,7,4,1,
2013-08-23,04,12,13,15,20,4,0,0,5,33,317,1124,2869,0,0,210,31,9,5,1,
2013-08-21,15,16,22,25,30,5,0,0,8,26,263,916,2514,0,0,116,35,10,5,2,
2013-08-19,05,09,13,16,25,3,0,0,14,40,353,1219,3011,0,0,72,25,8,4,1,
2013-08-16,05,17,26,27,34,3,0,0,19,36,304,1136,2822,0,0,54,28,9,5,1,
2013-08-14,05,09,19,22,29,2,0,1,13,38,291,1135,2355,0,10463,69,23,9,4,2,
2013-08-12,12,17,22,27,34,2,0,0,12,41,307,1247,2522,0,0,80,23,9,4,2,
2013-08-09,05,07,22,24,27,1,0,0,8,40,262,1198,2499,0,0,119,23,10,4,2,
2013-08-07,01,15,28,32,34,2,1,0,11,35,245,1094,2446,320000,0,98,31,12,5,2,
2013-08-05,06,10,12,24,25,2,0,1,13,53,375,1497,3013,0,2985,85,21,8,4,2,
2013-08-02,04,05,16,30,31,2,0,1,6,36,288,1098,2547,0,24993,180,30,10,5,2,
2013-07-31,02,20,23,27,35,4,0,0,5,39,221,975,2476,0,0,184,23,12,5,2,
2013-07-29,24,26,29,33,35,4,0,0,12,33,288,1002,2496,0,0,83,30,10,5,2,
2013-07-26,05,09,14,20,31,1,0,0,5,29,245,1120,2392,0,0,200,34,11,5,2,
2013-07-24,01,03,06,10,17,4,0,0,9,44,235,1077,2420,0,0,99,20,11,4,2,
2013-07-22,03,16,17,19,26,1,1,0,7,40,285,1269,2826,380,000,0,162,28,11,5,2,
2013-07-19,05,09,10,29,30,1,0,0,12,35,332,1408,2919,0,0,95,32,10,4,2,
2013-07-17,04,12,20,21,23,4,0,0,4,41,326,1214,2797,0,0,254,24,9,4,1,
2013-07-15,05,09,16,18,23,1,0,0,14,64,320,1350,2844,0,0,81,17,10,4,2,
2013-07-12,12,13,15,26,33,1,0,1,4,28,254,1210,2747,0,8,572,284,40,13,5,2,
2013-07-10,12,14,19,25,26,1,0,0,14,39,258,1133,2504,0,0,69,25,10,5,2,
2013-07-08,04,10,16,22,29,5,0,0,9,51,325,1296,3076,0,0,121,21,9,4,1,
2013-07-05,03,06,23,25,30,1,0,1,12,46,268,1284,2533,0,8553,88,22,11,4,2,
2013-07-03,07,11,28,30,35,4,0,0,9,37,338,1322,2920,0,0,114,27,8,4,1,
2013-07-01,10,13,24,26,29,5,0,0,15,51,353,1312,3196,0,0,74,21,9,4,1,
2013-06-28,01,07,08,10,26,2,1,2,26,86,609,2395,5486,1,520,583,10,428,79,23,9,4,2,
2013-06-26,09,17,25,29,30,4,0,0,24,78,525,2035,5151,0,0,75,23,10,5,1,
2013-06-24,13,19,24,28,32,5,0,0,21,62,561,2135,5202,0,0,92,31,10,5,2,
2013-06-21,07,14,18,22,31,1,0,0,22,88,516,2477,4884,0,0,90,22,11,4,2,
2013-06-19,06,12,14,20,26,3,0,2,21,67,545,1979,5066,0,14979,84,26,9,5,1,
2013-06-17,21,22,24,25,28,1,0,0,12,75,509,2077,4580,0,0,156,25,10,5,2,
2013-06-14,02,07,22,29,34,4,0,0,22,71,600,2084,5241,0,0,87,27,9,5,1,
2013-06-12,12,15,25,26,27,3,0,0,20,57,496,1937,4611,0,0,86,30,10,5,2,
2013-06-10,01,07,08,25,34,3,0,0,15,67,533,2106,5381,0,0,127,28,10,5,1,
2013-06-07,04,12,14,17,23,3,0,0,25,84,632,2463,5915,0,0,79,23,9,4,1,
2013-06-05,04,07,08,16,24,1,0,1,15,86,463,2080,4035,0,4341,108,18,10,4,2,
2013-06-03,05,15,23,27,33,1,0,1,13,69,457,2161,4473,0,4748,136,25,11,4,2,
2013-05-31,06,09,27,31,34,1,0,1,17,48,445,1884,3961,0,16344,99,35,11,5,2,
2013-05-29,08,18,21,26,27,5,0,0,15,56,416,1600,4040,0,0,98,26,10,5,1,
2013-05-27,02,06,09,10,31,2,0,0,23,56,410,1630,3568,0,0,58,24,9,4,2,
2013-05-24,06,19,20,23,30,2,0,0,20,51,428,1734,3977,0,0,79,31,10,5,2,
2013-05-22,02,08,19,22,23,2,0,1,22,53,397,1672,3813,0,8017,63,26,10,4,1,
2013-05-20,07,15,18,21,32,3,0,0,16,58,444,1721,4581,0,0,99,27,10,5,1,
2013-05-17,05,07,09,19,35,2,0,1,26,73,515,2186,4777,0,4745,68,24,10,4,2,
2013-05-15,18,23,24,27,28,3,0,2,18,60,453,1612,4250,0,13959,85,25,9,5,1,
2013-05-13,03,20,21,26,31,5,0,0,6,50,412,1488,3886,0,0,251,30,10,5,2,
2013-05-10,13,14,27,31,33,5,0,0,15,74,429,1711,4129,0,0,106,21,10,5,2,
2013-05-08,03,18,20,22,33,2,0,0,11,39,351,1581,3450,0,0,127,35,11,5,2,
2013-05-06,01,16,18,26,31,5,0,0,13,73,398,1600,3750,0,0,114,20,10,5,2,
2013-05-03,08,12,19,20,33,1,0,0,8,64,424,1761,3666,0,0,191,23,10,5,2,
2013-05-01,05,10,23,29,30,5,0,0,13,58,412,1617,3920,0,0,105,23,9,4,1,
2013-04-29,17,20,21,27,28,1,0,1,15,55,370,1555,3429,0,3745,93,25,11,5,2,
2013-04-26,02,09,22,23,25,3,0,1,15,55,477,1620,4045,0,14971,94,25,8,5,1,
2013-04-24,03,07,22,25,30,1,0,0,15,57,338,1630,3362,0,0,86,22,11,4,2,
2013-04-22,12,17,20,22,25,1,0,0,17,54,371,1597,3491,0,0,79,25,10,4,2,
2013-04-19,02,07,11,14,24,2,0,0,23,83,554,2272,4618,0,0,66,18,8,3,1,
2013-04-17,08,14,21,26,27,5,2,2,39,187,1170,4745,11409,1109731,5805,111,23,10,5,2,
2013-04-15,08,24,32,33,35,1,0,3,48,170,1166,4988,10989,0,7983,93,26,11,5,2,
2013-04-12,07,11,23,29,33,1,0,0,52,305,1387,5813,11691,0,0,85,14,9,4,2,
2013-04-10,04,09,14,27,35,4,0,3,56,153,1204,4661,11070,0,3614,72,26,9,5,1,
2013-04-08,07,13,23,30,33,5,0,2,56,195,1222,4992,10639,0,10863,71,20,9,4,2,
2013-04-05,04,11,12,16,22,4,0,0,42,140,1186,4935,11200,0,0,97,29,10,4,1,
2013-04-03,10,13,14,21,33,5,0,1,36,156,1012,4374,9679,0,9998,103,23,10,4,2,
2013-04-01,04,10,23,28,35,5,0,2,46,133,927,3796,9304,0,4617,75,25,10,5,2,
2013-03-29,05,07,18,30,34,4,0,1,38,133,911,3918,8937,0,17409,90,25,10,5,2,
2013-03-27,07,11,14,23,33,4,0,0,41,143,978,3810,8727,0,0,75,21,9,4,1,
2013-03-25,06,10,11,14,35,5,0,2,28,129,872,3301,8294,0,4078,108,23,10,5,1,
2013-03-22,04,21,25,32,33,3,0,1,23,89,771,2703,7066,0,7129,115,29,10,5,2,
2013-03-20,01,06,14,20,28,2,0,1,21,74,585,2280,5371,0,16950,104,29,10,5,2,
2013-03-18,01,03,14,30,31,5,0,0,14,68,569,2180,5504,0,0,151,31,10,5,2,
2013-03-15,03,20,25,29,30,1,0,0,18,60,510,2093,4917,0,0,112,33,11,5,2,
2013-03-13,03,12,15,22,25,3,0,1,24,65,571,2008,5064,0,9136,70,25,8,4,1,
2013-03-11,01,08,11,13,17,1,0,0,12,76,499,2135,4625,0,0,144,22,10,4,2,
2013-03-08,01,02,10,31,32,5,0,1,10,51,427,1628,4321,0,42766,166,32,11,5,2,
2013-03-06,10,12,16,27,28,2,0,0,8,52,387,1577,3785,0,0,179,27,10,5,2,
2013-03-04,02,10,13,24,27,4,0,0,25,60,436,1827,4266,0,0,60,25,10,4,1,
2013-03-01,02,07,18,30,34,1,0,0,9,54,397,1664,3620,0,0,168,28,11,5,2,
2013-02-27,05,07,14,33,34,1,0,0,11,52,316,1408,3073,0,0,113,24,11,5,2,
2013-02-25,07,11,16,26,27,3,0,0,14,59,380,1592,3912,0,0,95,22,10,4,1,
2013-02-22,01,06,21,27,35,2,0,0,10,44,331,1446,3219,0,0,132,30,11,5,2,
2013-02-20,05,19,21,28,29,3,0,0,16,43,378,1295,3552,0,0,73,27,9,5,1,
2013-02-18,01,04,06,25,31,2,0,0,10,47,305,1333,3066,0,0,122,26,11,5,2,
2013-02-15,02,21,25,28,33,4,0,0,10,41,331,1243,3246,0,0,127,31,11,5,2,
2013-02-13,11,20,23,25,30,4,0,0,10,40,295,1218,2954,0,0,110,27,10,5,2,
2013-02-11,02,17,21,26,27,4,0,0,12,37,348,1336,3139,0,0,97,31,9,5,2,
2013-02-08,06,08,12,23,31,1,0,1,11,57,349,1479,3062,0,3172,107,20,9,4,2,
2013-02-06,07,10,12,17,22,1,0,1,25,85,343,1463,2834,0,2885,43,12,9,4,2,
2013-02-04,20,22,23,27,33,2,0,1,3,42,293,1239,2870,0,3021,376,26,11,5,2,
2013-02-01,04,05,15,25,27,4,1,1,17,80,578,2300,5170,674279,24768,114,24,9,4,2,
2013-01-30,02,26,27,31,33,5,0,0,12,57,405,1523,3914,0,0,130,27,11,5,2,
2013-01-28,10,13,22,27,32,3,0,0,15,61,463,1849,4813,0,0,110,27,10,5,1,
2013-01-25,01,13,18,23,32,2,0,0,18,56,369,1690,3521,0,0,81,26,11,5,2,
2013-01-23,02,17,19,28,29,2,0,0,21,56,393,1461,3384,0,0,62,23,9,5,2,
2013-01-21,07,19,23,24,27,5,0,0,13,66,444,1703,3670,0,0,102,20,8,4,1,
2013-01-18,03,28,31,34,35,4,0,2,11,39,304,1321,3382,0,3336,120,34,12,5,2,
2013-01-16,05,17,23,28,35,5,0,0,11,52,393,1270,3134,0,0,106,22,8,5,2,
2013-01-14,05,06,13,25,29,2,0,1,13,44,330,1289,3018,0,3041,87,25,10,5,2,
2013-01-11,09,16,20,21,25,5,0,2,12,49,330,1312,3219,0,1591,99,24,10,5,2,
2013-01-09,01,11,15,23,33,1,0,1,7,33,300,1214,2733,0,2822,150,31,10,5,2,
2013-01-07,03,05,07,14,34,1,0,1,17,59,348,1520,2939,0,3063,67,19,9,4,2,
2013-01-04,01,10,11,29,35,3,0,1,10,37,348,1254,3228,0,5617,115,31,9,5,1,
2013-01-02,12,15,22,25,29,2,0,0,8,39,253,1051,2524,0,0,117,24,10,5,2,
2012-12-31,10,15,16,29,34,5,0,1,12,40,300,1231,3073,0,3183,99,29,11,5,2,
2012-12-28,01,15,18,26,28,1,0,1,7,40,274,1132,2507,0,4997,151,26,11,5,2,
2012-12-26,04,10,18,26,34,1,0,0,12,39,214,864,2011,0,0,67,20,10,5,2,
2012-12-24,04,07,11,24,32,3,0,1,20,58,374,1298,3180,0,5900,52,18,8,4,1,
2012-12-21,13,15,17,20,31,2,1,0,14,37,308,1229,2843,300000,0,82,31,10,5,2,
2012-12-19,03,06,10,30,32,4,0,1,7,33,280,1124,2764,0,5715,148,31,10,5,2,
2012-12-17,02,05,15,26,34,5,0,0,14,32,319,1183,2946,0,0,78,34,10,5,2,
2012-12-14,02,04,28,30,35,5,0,1,9,42,304,1124,2870,0,5774,123,26,10,5,2,
2012-12-12,06,08,14,25,32,2,0,0,10,38,278,1126,2558,0,0,104,27,10,5,2,
2012-12-10,04,06,12,26,29,1,0,1,8,47,273,1215,2637,0,23181,132,22,11,5,2,
2012-12-07,07,10,16,19,33,1,1,0,11,61,363,1606,3218,400000,0,125,22,11,4,2,
2012-12-05,05,08,25,29,30,1,0,0,12,44,313,1276,2867,0,0,99,27,11,5,2,
2012-12-03,03,13,18,27,35,1,0,0,10,53,325,1585,3226,0,0,130,24,11,4,2,
2012-11-30,04,09,12,14,21,3,0,0,7,61,421,1571,3700,0,0,179,20,8,4,1,
2012-11-28,06,09,16,20,34,4,0,0,9,45,393,1334,3346,0,0,142,28,9,5,2,
2012-11-26,03,09,14,15,35,2,0,0,19,55,342,1377,3195,0,0,63,21,10,5,2,
2012-11-23,15,19,28,32,35,4,0,1,10,37,264,1075,2466,0,8280,99,26,10,5,2,
2012-11-21,05,12,19,28,29,4,0,0,6,47,318,1223,2895,0,0,175,22,9,4,1,
2012-11-19,05,09,25,30,35,3,0,0,6,47,302,1249,3124,0,0,175,22,10,4,1,
2012-11-16,08,10,15,16,30,1,0,1,10,38,259,1202,2467,0,5263,103,27,11,5,2,
2012-11-14,11,15,26,31,33,1,0,0,15,32,230,1042,2268,0,0,62,29,11,5,2,
2012-11-12,03,17,23,24,25,1,1,1,6,44,322,1553,3141,420000,9443,204,27,11,4,2,
2012-11-09,01,05,09,25,31,5,0,0,9,61,388,1445,3400,0,0,138,20,9,5,1,
2012-11-07,13,19,21,27,31,4,0,0,13,48,344,1248,2933,0,0,81,22,8,4,1,
2012-11-05,05,11,17,20,28,2,0,1,10,57,322,1403,3087,0,6065,114,20,10,4,2,
2012-11-02,01,02,06,17,25,3,0,0,10,41,307,1145,3010,0,0,112,27,10,5,2,
2012-10-31,01,04,11,26,28,3,0,1,5,30,279,1052,2598,0,7957,188,31,9,5,1,
2012-10-29,04,13,16,23,33,3,0,0,16,51,345,1210,2948,0,0,63,20,8,4,1,
2012-10-26,05,07,21,33,34,1,0,0,10,43,259,1190,2413,0,0,101,23,11,4,2,
2012-10-24,01,07,08,10,33,1,0,1,10,34,257,1081,2332,0,18722,88,26,10,4,2,
2012-10-22,04,06,07,13,26,5,0,0,8,43,297,1193,2686,0,0,120,22,9,4,1,
2012-10-19,09,11,16,21,23,5,0,0,11,41,328,1242,2666,0,0,88,23,8,4,1,
2012-10-17,01,03,22,25,34,2,0,0,6,33,194,950,2045,0,0,145,26,13,5,2,
2012-10-15,04,09,14,21,25,2,1,0,10,42,360,1402,2996,380000,0,115,27,9,4,2,
2012-10-12,09,10,17,27,29,3,0,0,16,52,375,1368,3292,0,0,70,21,8,4,1,
2012-10-10,04,10,25,29,31,2,0,0,11,29,270,1164,2655,0,0,92,34,10,5,2,
2012-10-08,05,17,24,29,30,3,0,1,14,31,319,1186,3078,0,13979,76,34,9,5,1,
2012-10-05,08,20,21,26,30,4,0,0,6,48,301,1142,2802,0,0,184,23,10,5,2,
2012-10-03,03,06,20,31,32,4,0,0,10,32,250,949,2472,0,0,98,30,11,6,2,
2012-10-01,18,22,23,31,34,4,0,0,8,23,264,1042,2681,0,0,128,44,11,5,2,
2012-09-28,13,15,16,17,23,3,0,0,17,43,321,1141,3114,0,0,61,24,9,5,1,
2012-09-26,01,27,28,32,33,5,0,1,5,30,197,838,2102,0,2408,180,30,13,6,2,
2012-09-24,04,10,18,22,25,1,0,2,6,40,266,1176,2298,0,9558,157,23,10,4,2,
2012-09-21,03,11,20,26,34,1,1,0,10,36,248,1087,2424,240000,0,102,28,12,5,2,
2012-09-19,03,04,13,22,32,4,0,0,14,36,281,972,2549,0,0,65,25,9,5,1,
2012-09-17,04,09,14,22,28,5,0,0,9,48,259,1217,2502,0,0,106,19,10,4,2,
2012-09-14,17,20,24,28,30,5,1,0,8,30,254,1103,2550,200000,0,127,34,11,5,2,
2012-09-12,04,06,13,17,20,2,1,0,9,44,288,1175,2753,380000,0,120,24,10,5,2,
2012-09-10,01,03,06,18,31,5,0,0,8,46,304,1287,3119,0,0,148,25,11,5,2,
2012-09-07,09,14,18,30,32,5,0,1,5,41,349,1219,3194,0,23252,244,29,10,5,2,
2012-09-05,04,22,29,32,35,2,0,0,9,32,283,1168,2694,0,0,120,33,11,5,2,
2012-09-03,07,23,27,30,33,1,0,0,13,45,291,1274,2631,0,0,80,23,10,4,2,
2012-08-31,05,07,13,29,35,2,0,0,9,49,317,1496,3086,0,0,131,24,10,4,2,
2012-08-29,04,05,13,21,23,4,0,0,11,47,314,1166,2719,0,0,88,20,9,4,1,
2012-08-27,01,04,11,26,32,1,0,0,7,41,272,1141,2746,0,0,153,26,11,5,2,
2012-08-24,18,20,23,29,32,4,0,0,16,44,305,1109,2876,0,0,68,24,10,5,2,
2012-08-22,11,17,21,32,35,1,0,0,9,34,279,1312,2607,0,0,112,29,10,4,2,
2012-08-20,09,15,17,22,24,2,1,1,26,85,736,2828,6501,935686,6415,92,28,9,4,2,
2012-08-17,02,04,31,34,35,4,0,1,15,67,549,2228,5656,0,5890,146,32,11,5,2,
2012-08-15,08,15,21,34,35,3,0,1,14,79,483,1931,4888,0,4935,131,23,11,5,2,
2012-08-13,08,09,14,24,27,3,0,1,16,83,563,2158,5324,0,16962,110,21,9,4,1,
2012-08-10,07,09,15,25,28,3,0,0,16,66,561,1931,4722,0,0,102,24,8,4,1,
2012-08-08,10,11,21,33,34,5,0,0,11,60,374,1491,3951,0,0,131,24,11,5,1,
2012-08-06,05,10,12,17,33,2,0,0,21,57,424,1840,3893,0,0,70,25,10,4,2,
2012-08-03,03,09,14,17,35,2,0,2,14,70,439,1668,3942,0,3654,105,21,9,5,2,
2012-08-01,07,09,11,25,26,3,0,0,10,59,480,1587,4057,0,0,125,21,7,4,1,
2012-07-30,14,16,21,32,33,4,0,1,13,44,358,1272,3275,0,9959,98,29,10,5,2,
2012-07-27,06,14,18,33,35,4,0,0,16,37,363,1348,3278,0,0,80,34,10,5,2,
2012-07-25,02,06,15,25,31,1,0,0,6,64,302,1287,2690,0,0,191,17,11,5,2,
2012-07-23,01,12,16,22,24,1,0,1,10,47,316,1376,2995,0,26437,121,25,11,5,2,
2012-07-20,02,09,23,29,32,1,0,0,8,49,337,1373,2881,0,0,151,24,10,5,2,
2012-07-18,01,24,27,31,33,1,0,0,6,39,249,1125,2556,0,0,179,27,12,5,2,
2012-07-16,11,12,13,15,27,4,0,0,23,72,404,1471,3367,0,0,49,15,8,4,1,
2012-07-13,11,13,15,16,24,4,0,0,9,44,385,1364,3269,0,0,131,26,8,5,1,
2012-07-11,04,16,20,24,31,2,0,0,7,33,261,1026,2532,0,0,145,30,11,5,2,
2012-07-09,02,03,08,11,27,4,0,0,15,57,308,1435,3128,0,0,71,18,10,4,1,
2012-07-06,11,16,28,30,32,5,0,0,7,30,270,1080,2730,0,0,153,35,11,5,2,
2012-07-04,01,09,11,13,19,4,0,0,11,46,286,1189,2622,0,0,80,19,9,4,1,
2012-07-02,04,21,23,29,35,2,0,1,7,35,313,1128,2636,0,23461,148,29,9,5,2,
2012-06-29,01,12,15,19,29,1,0,0,9,30,254,1139,2595,0,0,115,34,11,5,2,
2012-06-27,06,08,12,13,20,4,1,0,10,39,280,1180,2774,220000,0,94,24,9,4,1,
2012-06-25,02,10,15,30,31,3,0,0,9,46,331,1202,3023,0,0,116,22,9,5,1,
2012-06-22,13,19,25,32,34,3,2,0,30,90,729,2693,7248,488931,0,87,29,10,5,1,
2012-06-20,13,17,20,21,35,4,0,0,19,81,608,2316,5351,0,0,109,25,9,5,2,
2012-06-18,03,05,06,08,12,1,0,1,26,125,593,2771,5208,0,19136,79,16,10,4,2,
2012-06-15,12,17,20,22,31,4,0,0,23,78,499,2182,5141,0,0,84,24,11,5,2,
2012-06-13,09,25,32,33,35,4,0,0,10,47,418,1625,3920,0,0,156,33,10,5,2,
2012-06-11,06,10,14,15,25,5,0,0,14,69,506,1882,4305,0,0,113,23,9,4,2,
2012-06-08,05,08,11,23,28,5,0,1,21,64,490,1914,4327,0,4144,73,24,9,4,1,
2012-06-06,07,16,20,21,35,2,0,1,13,54,353,1415,3428,0,3568,102,24,10,5,2,
2012-06-04,14,15,17,21,27,1,0,1,12,56,372,1728,3677,0,7472,120,25,11,4,2,
2012-06-01,02,04,05,07,31,2,0,0,19,62,370,1637,3430,0,0,71,21,10,4,2,
2012-05-30,03,04,07,31,32,5,0,1,16,44,294,1161,2911,0,14979,69,25,11,5,2,
2012-05-28,08,11,12,17,28,4,0,0,8,41,327,1356,3087,0,0,130,25,9,4,1,
2012-05-25,06,09,19,27,31,1,0,0,12,60,334,1533,3062,0,0,102,20,10,4,2,
2012-05-23,11,25,28,30,31,4,0,0,7,43,271,1174,2777,0,0,154,25,11,5,2,
2012-05-21,07,10,24,26,35,5,0,0,7,41,311,1395,3119,0,0,162,27,10,4,1,
2012-05-18,03,09,11,31,33,2,0,1,7,51,367,1471,3082,0,5810,164,22,9,4,2,
2012-05-16,08,11,14,15,34,5,0,0,8,42,268,1297,2704,0,0,127,24,11,4,2,
2012-05-14,07,17,19,26,27,5,0,1,16,51,358,1415,3034,0,5945,68,21,8,4,1,
2012-05-11,02,03,09,13,18,4,0,0,7,31,345,1372,3209,0,0,160,36,9,4,1,
2012-05-09,01,05,07,17,31,3,0,1,17,44,335,1113,2931,0,13607,56,22,8,5,1,
2012-05-07,06,16,21,27,34,5,0,0,15,38,260,1194,2727,0,0,70,27,11,5,2,
2012-05-04,10,18,22,26,31,3,0,0,16,51,295,1083,2977,0,0,68,21,10,5,1,
2012-05-02,04,14,15,19,22,3,0,0,2,40,307,1089,2805,0,0,475,23,8,5,1,
2012-04-30,05,07,09,10,21,4,0,0,15,53,320,1507,2898,0,0,68,19,9,3,1,
2012-04-27,04,06,11,13,18,5,1,1,21,53,353,1519,3346,340000,40051,58,23,10,4,1,
2012-04-25,03,10,12,20,30,4,0,0,10,49,320,1301,2828,0,0,107,21,9,4,2,
2012-04-23,01,05,23,28,30,1,0,0,7,43,300,1214,2806,0,0,166,27,11,5,2,
2012-04-20,03,14,15,16,17,4,0,0,19,64,308,1291,2997,0,0,60,18,10,5,2,
2012-04-18,04,09,13,32,33,1,0,0,10,40,276,1195,2443,0,0,100,25,10,4,2,
2012-04-16,01,04,11,13,25,5,0,0,8,53,397,1399,3053,0,0,139,21,8,4,1,
2012-04-13,05,06,07,08,34,4,0,0,7,57,311,1241,3067,0,0,160,19,10,5,1,
2012-04-11,03,24,27,29,31,2,0,0,12,32,256,1165,2568,0,0,81,30,11,4,2,
2012-04-09,09,24,25,26,33,2,1,0,15,62,472,1865,4254,653338,0,111,26,10,5,2,
2012-04-06,03,08,14,24,34,4,0,0,20,63,511,1860,4425,0,0,80,25,9,5,1,
2012-04-04,06,24,25,26,35,4,0,0,13,38,360,1524,3620,0,0,109,37,11,5,2,
2012-04-02,15,25,26,27,30,2,0,0,11,56,386,1627,3523,0,0,130,25,10,5,2,
2012-03-30,06,11,15,28,35,2,0,1,19,68,444,1860,4366,0,14590,90,25,11,5,2,
2012-03-28,15,16,20,22,24,1,0,0,8,50,302,1368,2914,0,0,155,24,11,5,2,
2012-03-26,06,13,14,20,25,5,0,0,9,49,321,1408,3481,0,0,139,25,11,5,1,
2012-03-23,01,08,15,16,17,1,0,0,10,48,330,1439,2991,0,0,124,25,10,5,2,
2012-03-21,02,03,09,11,15,3,0,1,16,41,360,1282,3313,0,8851,65,25,8,4,1,
2012-03-19,06,18,22,23,27,1,0,0,7,38,293,1348,2825,0,0,160,29,11,4,2,
2012-03-16,08,11,13,16,22,2,0,0,10,36,316,1319,3035,0,0,113,31,10,5,2,
2012-03-14,01,11,13,15,17,2,0,1,7,41,265,1119,2518,0,24040,138,23,10,5,2,
2012-03-12,12,22,31,33,34,3,0,0,9,39,290,1169,2897,0,0,118,27,10,5,1,
2012-03-09,01,17,18,30,34,1,0,0,12,32,237,1016,2549,0,0,88,33,13,6,2,
2012-03-07,04,23,27,30,34,4,0,0,5,33,296,985,2497,0,0,186,28,9,5,2,
2012-03-05,03,08,19,23,31,2,0,0,12,31,335,1313,2747,0,0,85,33,8,4,2,
2012-03-02,15,20,21,22,26,4,0,0,4,29,252,945,2417,0,0,244,33,11,6,2,
2012-02-29,15,21,23,25,26,2,0,0,4,34,210,974,2088,0,0,214,25,11,5,2,
2012-02-27,03,06,18,26,34,2,1,0,10,40,246,1080,2699,280000,0,103,25,12,5,2,
2012-02-24,01,29,32,34,35,3,0,0,7,33,272,1012,2685,0,0,151,32,11,6,2,
2012-02-22,06,08,14,22,29,4,0,1,12,52,278,1071,2548,0,5132,77,17,9,5,1,
2012-02-20,06,12,22,25,27,2,0,0,9,51,291,1223,2595,0,0,109,19,9,4,2,
2012-02-17,07,08,09,10,33,1,0,1,10,50,254,1195,2464,0,2695,100,20,11,4,2,
2012-02-15,07,13,21,24,34,4,1,2,11,38,275,1125,2579,260000,2647,86,25,10,4,2,
2012-02-13,04,07,12,20,30,2,0,0,12,53,271,1223,2672,0,0,85,19,11,4,2,
2012-02-10,09,12,22,31,32,1,0,1,13,39,229,1184,2507,0,41963,79,26,13,5,2,
2012-02-08,02,04,06,07,28,2,0,0,14,33,281,1125,2376,0,0,64,27,9,4,2,
2012-02-06,10,14,26,29,32,5,1,0,11,33,305,1182,2705,220000,0,92,30,9,4,2,
2012-02-03,04,11,12,18,32,1,0,0,7,43,272,1250,2587,0,0,146,23,10,4,2,
2012-02-01,01,09,12,27,34,1,1,0,17,43,295,1387,2843,440000,0,66,26,11,4,2,
2012-01-30,02,03,21,25,26,5,0,0,7,39,313,1237,3134,0,0,170,30,11,5,2,
2012-01-27,03,08,10,23,34,2,0,0,14,53,315,1397,2948,0,0,84,22,10,4,2,
2012-01-25,03,07,14,28,31,2,0,0,13,36,286,1196,2672,0,0,76,27,10,4,2,
2012-01-23,04,08,14,15,21,4,0,0,7,42,356,1209,3054,0,0,156,26,8,5,1,
2012-01-20,02,14,24,30,35,3,0,0,17,34,333,1264,3009,0,0,65,32,9,5,2,
2012-01-18,06,09,30,32,34,4,0,0,16,29,269,918,2478,0,0,59,32,10,5,2,
2012-01-16,07,11,15,17,25,5,0,0,13,48,372,1327,3040,0,0,80,21,8,4,1,
2012-01-13,12,17,26,30,31,1,0,0,4,34,285,1093,2466,0,0,265,31,10,5,2,
2012-01-11,07,08,09,19,27,3,0,0,10,37,342,1203,2920,0,0,92,24,7,4,1,
2012-01-09,04,14,17,21,33,1,0,0,8,46,266,1159,2456,0,0,126,22,11,5,2,
2012-01-06,05,06,24,31,35,3,0,1,7,27,309,1043,2784,0,29149,145,37,9,5,1,
2012-01-04,01,17,24,26,30,4,0,0,6,25,252,1030,2440,0,0,153,36,10,5,2,
2012-01-02,02,09,17,24,26,5,1,0,7,49,295,1131,2675,200000,0,136,19,9,4,1,
2011-12-30,06,08,28,33,34,3,1,0,7,33,289,1188,3139,300000,0,167,35,11,5,2,
2011-12-28,02,09,20,28,29,5,0,0,8,38,266,1150,2621,0,0,122,25,10,4,2,
2011-12-26,02,15,24,25,31,2,0,0,6,28,226,1034,2334,0,0,157,33,12,5,2,
2011-12-23,02,03,11,15,29,4,0,0,10,39,299,1246,2959,0,0,108,27,10,5,1,
2011-12-21,04,18,24,27,32,2,0,0,6,40,275,1102,2362,0,0,155,23,9,4,2,
2011-12-19,02,11,12,15,35,4,0,0,14,40,297,1217,2955,0,0,72,25,9,4,1,
2011-12-16,08,11,24,27,35,2,1,0,11,77,539,2243,4898,858941,0,171,24,10,4,2,
2011-12-14,12,13,14,20,33,3,0,1,15,61,508,1702,4783,0,4443,110,27,9,5,1,
2011-12-12,08,24,28,32,34,1,0,1,13,72,417,1854,3947,0,45650,129,23,11,5,2,
2011-12-09,01,16,21,27,35,1,0,0,14,50,416,1701,3964,0,0,119,33,11,5,2,
2011-12-07,07,11,24,26,34,4,0,0,14,55,390,1592,3680,0,0,97,24,10,4,2,
2011-12-05,10,15,22,34,35,1,0,0,10,63,426,1673,3649,0,0,149,23,10,5,2,
2011-12-02,01,09,12,16,19,2,0,0,10,65,416,1694,3831,0,0,145,22,10,4,2,
2011-11-30,03,14,17,25,31,4,0,0,16,52,359,1474,3381,0,0,78,24,10,4,2,
2011-11-28,16,17,18,26,29,1,0,0,6,48,350,1326,3043,0,0,206,25,10,5,2,
2011-11-25,02,05,13,25,26,2,0,0,8,62,324,1301,2875,0,0,138,17,9,4,2,
2011-11-23,20,23,24,26,28,3,0,0,10,37,318,1172,3160,0,0,119,32,10,5,2,
2011-11-21,03,11,20,26,34,1,0,0,5,43,299,1261,2931,0,0,242,28,11,5,2,
2011-11-18,05,13,20,26,29,1,0,0,10,49,304,1349,2881,0,0,120,24,11,5,2,
2011-11-16,02,06,10,15,29,5,0,0,9,53,279,1219,2827,0,0,116,19,10,4,2,
2011-11-14,02,13,25,33,34,3,0,0,7,38,332,1191,3085,0,0,162,29,9,5,1,
2011-11-11,04,05,09,12,29,4,0,1,15,53,344,1492,3367,0,14080,79,22,10,4,1,
2011-11-09,04,05,13,24,28,4,0,0,9,39,323,1113,2758,0,0,111,25,9,5,1,
2011-11-07,01,15,24,26,33,3,0,0,4,44,277,1127,2813,0,0,270,24,11,5,2,
2011-11-04,10,13,15,22,33,5,0,0,9,53,293,1133,2819,0,0,118,20,10,5,2,
2011-11-02,01,10,23,27,34,3,0,0,7,45,310,1059,2640,0,0,133,20,8,5,1,
2011-10-31,07,14,15,16,35,1,0,2,10,27,244,1088,2504,0,5139,97,35,11,5,2,
2011-10-28,05,07,24,25,35,4,0,0,8,30,217,1069,2510,0,0,118,31,12,5,2,
2011-10-26,05,09,20,24,30,5,0,0,9,26,267,919,2406,0,0,94,32,9,5,1,
2011-10-24,04,10,11,17,22,5,1,0,14,61,354,1357,3128,320000,0,76,17,8,4,1,
2011-10-21,02,09,14,31,33,4,0,1,11,30,299,1132,2811,0,8010,96,35,10,5,2,
2011-10-19,04,10,16,28,33,4,0,0,12,32,263,960,2565,0,0,77,29,10,5,1,
2011-10-17,13,20,28,33,35,3,0,0,7,46,288,1090,2800,0,0,143,21,10,5,1,
2011-10-14,11,12,15,30,31,3,0,2,10,29,302,1157,2864,0,1352,101,34,9,5,1,
2011-10-12,10,12,16,26,34,1,0,1,7,41,230,982,2123,0,4973,126,21,11,5,2,
2011-10-10,02,03,05,26,32,4,0,0,7,38,255,1061,2754,0,0,139,25,11,5,1,
2011-10-07,08,12,13,19,27,3,1,2,26,82,636,2164,5322,747163,2340,67,21,8,4,1,
2011-10-05,01,11,13,18,25,3,0,1,12,55,501,1745,4586,0,4002,124,27,8,4,1,
2011-10-03,05,23,31,32,33,2,0,1,8,52,384,1663,3798,0,11649,196,30,11,5,2,
2011-09-30,14,16,23,24,35,2,0,0,14,49,391,1616,3587,0,0,105,30,10,5,2,
2011-09-28,01,03,10,15,23,1,0,0,8,47,383,1455,3246,0,0,163,27,9,5,2,
2011-09-26,04,13,17,26,34,1,0,1,12,68,327,1608,3318,0,3623,112,19,12,4,2,
2011-09-23,17,18,28,32,35,2,0,1,11,48,319,1487,3321,0,16023,120,27,12,5,2,
2011-09-21,09,10,11,24,29,1,0,0,11,37,318,1490,3089,0,0,106,31,10,4,2,
2011-09-19,12,19,25,31,34,1,0,0,13,54,339,1373,3024,0,0,94,22,10,5,2,
2011-09-16,04,09,10,17,28,4,0,0,14,48,379,1474,3463,0,0,86,25,9,4,1,
2011-09-14,03,05,10,21,27,2,0,0,11,52,291,1213,2738,0,0,95,20,10,5,2,
2011-09-12,02,07,10,12,20,5,0,2,16,63,357,1467,3152,0,9607,69,17,9,4,1,
2011-09-09,08,11,13,23,26,5,0,0,14,51,366,1480,3139,0,0,80,22,8,4,1,
2011-09-07,04,08,26,27,29,5,0,0,7,44,269,1236,2705,0,0,146,23,11,4,2,
2011-09-05,11,13,14,23,32,4,0,0,9,43,277,1181,2697,0,0,104,21,9,4,1,
2011-09-02,08,09,30,32,33,4,0,0,6,37,295,1056,2794,0,0,180,29,10,5,2,
2011-08-31,02,05,19,20,25,5,0,0,7,22,309,1028,2476,0,0,129,41,8,5,1,
2011-08-29,02,05,23,26,30,2,0,0,9,57,308,1121,2567,0,0,109,17,9,5,2,
2011-08-26,10,14,18,28,32,1,0,1,7,43,234,1132,2364,0,4968,141,23,12,5,2,
2011-08-24,08,10,23,25,29,2,0,0,4,38,259,1075,2308,0,0,217,22,9,4,2,
2011-08-22,04,21,27,31,35,3,0,1,5,45,286,951,2653,0,25899,186,20,9,5,1,
2011-08-19,02,15,26,29,34,1,1,0,7,33,228,956,2183,200000,0,139,29,12,5,2,
2011-08-17,08,20,27,29,32,1,1,0,13,39,276,1197,2690,420000,0,86,28,11,5,2,
2011-08-15,03,09,20,27,28,3,0,0,15,36,414,1369,3695,0,0,81,34,8,5,1,
2011-08-12,04,06,20,24,31,1,0,0,11,44,286,1197,2753,0,0,106,26,11,5,2,
2011-08-10,08,19,28,32,35,4,0,0,12,49,296,1172,2808,0,0,86,21,10,5,2,
2011-08-08,09,14,16,17,20,5,0,0,9,48,310,1258,3101,0,0,125,23,10,5,1,
2011-08-05,13,23,25,30,35,4,0,0,13,40,256,1257,2927,0,0,85,27,12,5,2,
2011-08-03,15,24,26,30,34,3,0,0,10,37,260,1023,2582,0,0,97,26,10,5,2,
2011-08-01,12,15,25,28,31,4,0,1,12,39,271,1185,2650,0,15156,86,26,11,5,2,
2011-07-29,01,04,28,31,32,4,0,0,6,29,244,976,2510,0,0,169,35,12,6,2,
2011-07-27,01,17,23,25,34,5,0,0,5,21,214,930,2251,0,0,175,41,11,5,2,
2011-07-25,04,13,14,19,33,5,0,0,6,41,270,1072,2457,0,0,157,23,10,5,2,
2011-07-22,06,09,18,19,30,4,0,0,5,35,259,1139,2598,0,0,189,27,10,4,1,
2011-07-20,02,18,24,28,34,1,1,0,8,45,204,989,1956,200000,0,105,18,11,4,2,
2011-07-18,08,13,17,18,22,4,2,1,11,45,300,1144,2733,100000,16815,85,20,9,4,1,
2011-07-15,08,09,11,31,34,2,1,0,10,43,337,1286,2868,380000,0,113,26,9,5,2,
2011-07-13,09,14,15,20,33,4,0,0,11,28,253,1087,2567,0,0,91,35,11,5,2,
2011-07-11,13,14,23,26,32,4,0,0,14,45,324,1224,2958,0,0,79,24,9,5,2,
2011-07-08,02,04,09,25,27,1,0,0,9,49,286,1278,2690,0,0,122,22,11,5,2,
2011-07-06,05,09,14,19,23,1,0,0,8,45,287,1349,2488,0,0,124,22,10,4,2,
2011-07-04,08,09,13,31,35,4,0,1,9,31,260,947,2446,0,7697,100,29,10,5,2,
2011-07-01,15,24,26,27,30,5,0,0,8,31,298,1073,2723,0,0,133,34,10,5,2,
2011-06-29,07,09,19,28,33,4,0,0,10,34,277,1134,2460,0,0,90,26,9,4,1,
2011-06-27,04,17,24,27,34,5,0,2,5,57,260,1144,2654,0,2657,198,17,11,5,2,
2011-06-24,14,18,21,27,35,3,0,0,10,42,337,1075,2823,0,0,99,23,8,5,1,
2011-06-22,05,08,11,18,25,3,1,1,12,45,339,1111,2716,200000,4985,72,19,7,4,1,
2011-06-20,04,08,13,19,29,4,1,0,17,45,324,1318,2918,200000,0,58,22,8,4,1,
2011-06-17,07,13,14,18,25,5,1,1,15,68,492,1704,4202,682124,4094,102,22,9,5,1,
2011-06-15,03,13,25,27,30,2,0,1,10,50,327,1481,3411,0,10929,133,26,11,5,2,
2011-06-13,10,22,23,27,32,1,0,0,14,55,360,1538,3480,0,0,99,25,11,5,2,
2011-06-10,08,14,19,24,30,4,0,0,15,53,409,1521,3661,0,0,90,25,9,5,2,
2011-06-08,09,11,17,21,29,1,0,1,11,64,378,1571,3131,0,3244,110,18,9,4,2,
2011-06-06,09,14,19,27,30,3,0,1,11,59,423,1484,3830,0,6974,119,22,9,5,1,
2011-06-03,01,13,23,26,34,4,0,0,13,40,359,1360,3258,0,0,99,32,10,5,2,
2011-06-01,10,25,28,33,35,3,0,1,16,34,325,1159,3225,0,5908,72,33,10,5,1,
2011-05-30,11,13,14,18,32,1,0,0,13,37,259,1142,2637,0,0,81,28,11,5,2,
2011-05-27,11,14,23,24,29,2,0,1,9,58,296,1464,2946,0,18071,131,20,11,4,2,
2011-05-25,02,06,28,33,34,3,0,0,6,26,280,957,2773,0,0,174,40,10,6,2,
2011-05-23,06,18,23,25,28,5,0,0,11,41,360,1242,3216,0,0,104,28,9,5,1,
2011-05-20,02,07,10,18,28,2,0,0,14,75,382,1427,3277,0,0,83,15,8,4,1,
2011-05-18,05,10,12,22,23,4,0,0,11,40,319,1346,3029,0,0,95,26,9,4,1,
2011-05-16,02,04,09,32,35,3,0,0,9,37,318,1240,3187,0,0,128,31,10,5,1,
2011-05-13,09,11,14,16,25,4,0,1,10,52,335,1343,3133,0,17082,115,22,9,4,1,
2011-05-11,05,11,18,23,29,3,0,0,12,45,364,1256,3038,0,0,83,22,7,4,1,
2011-05-09,11,13,22,24,26,2,0,0,10,56,282,1283,2858,0,0,107,19,11,4,2,
2011-05-06,02,21,25,26,29,1,0,0,11,36,293,1214,2683,0,0,102,31,11,5,2,
2011-05-04,06,09,11,21,34,3,1,0,15,66,584,2280,5753,1149210,0,136,30,10,5,1,
2011-05-02,12,15,16,32,35,2,0,2,16,64,554,2180,5237,0,2786,130,32,10,5,2,
2011-04-29,11,19,25,32,35,3,0,1,25,76,690,2347,6036,0,5787,86,28,9,5,1,
2011-04-27,07,08,21,25,27,1,0,1,15,76,446,1978,4300,0,9519,112,22,10,4,2,
2011-04-25,06,15,17,18,30,5,0,0,10,69,514,2185,4830,0,0,187,27,10,4,2,
2011-04-22,12,18,20,21,27,5,0,1,22,79,487,2089,4809,0,4855,82,22,10,5,2,
2011-04-20,01,05,16,18,24,2,0,1,13,64,414,1811,3937,0,17054,121,24,11,5,2,
2011-04-18,01,23,28,29,31,1,0,0,13,56,495,1840,4399,0,0,132,30,10,5,2,
2011-04-15,07,10,12,16,26,2,0,0,9,61,484,1889,4344,0,0,181,26,9,5,2,
2011-04-13,05,20,25,26,31,5,0,0,11,64,423,1602,3777,0,0,131,22,9,5,2,
2011-04-11,12,23,24,29,30,4,0,1,20,55,456,1773,3997,0,19202,75,27,9,4,2,
2011-04-08,14,18,24,26,31,5,0,0,19,54,408,1587,3851,0,0,79,28,10,5,2,
2011-04-06,08,16,17,18,27,4,0,0,6,47,362,1549,3611,0,0,223,28,10,5,2,
2011-04-04,07,09,21,27,32,5,0,0,14,55,397,1572,3739,0,0,96,24,9,4,1,
2011-04-01,02,03,21,26,28,1,0,0,10,52,374,1500,3432,0,0,146,28,11,5,2,
2011-03-30,15,21,23,27,28,1,0,1,7,45,290,1336,2822,0,3122,166,25,11,5,2,
2011-03-28,04,08,13,15,23,5,0,1,14,66,347,1584,3415,0,10176,90,19,10,4,2,
2011-03-25,01,04,19,20,22,5,0,0,10,47,377,1612,3633,0,0,140,29,10,5,2,
2011-03-23,04,07,09,12,24,2,0,0,22,55,387,1610,3102,0,0,51,20,8,4,1,
2011-03-21,05,18,22,28,35,3,0,1,10,45,402,1402,3701,0,21772,126,28,9,5,1,
2011-03-18,02,04,05,15,26,1,0,0,13,41,323,1403,2963,0,0,94,29,11,5,2,
2011-03-16,05,10,17,31,34,1,0,0,12,35,279,1198,2707,0,0,89,30,11,5,2,
2011-03-14,02,20,24,25,29,4,0,0,6,40,323,1284,3061,0,0,196,29,10,5,2,
2011-03-11,11,20,23,28,29,4,0,0,11,53,353,1260,3262,0,0,107,22,9,5,1,
2011-03-09,01,02,04,10,26,1,0,0,13,52,311,1290,2745,0,0,80,20,9,4,2,
2011-03-07,03,11,12,24,31,5,0,0,11,54,367,1589,3552,0,0,106,21,9,4,1,
2011-03-04,10,20,22,25,33,1,1,1,33,86,709,2943,6008,1166149,6821,77,29,10,5,2,
2011-03-02,02,09,22,27,29,1,0,1,22,108,651,2732,5638,0,6213,105,21,10,4,2,
2011-02-28,07,10,17,22,34,5,0,1,19,106,653,2926,6449,0,17429,125,22,10,4,2,
2011-02-25,01,06,15,25,28,1,0,0,25,75,536,2341,5284,0,0,88,29,11,5,2,
2011-02-23,09,11,14,28,33,2,0,0,15,80,563,2243,4970,0,0,127,23,9,4,2,
2011-02-21,01,11,16,18,30,1,0,1,13,77,492,2175,4877,0,10483,153,25,11,5,2,
2011-02-18,01,07,10,16,24,2,0,0,20,76,598,2218,5178,0,0,96,25,9,5,2,
2011-02-16,04,09,10,20,33,1,0,2,11,72,437,1917,4152,0,14314,157,24,11,5,2,
2011-02-14,01,10,25,33,35,1,0,0,18,69,452,1949,4220,0,0,94,24,10,5,2,
2011-02-11,05,06,12,13,22,3,0,0,18,65,524,1925,4629,0,0,92,25,9,5,1,
2011-02-09,04,14,30,31,32,3,0,0,12,50,399,1443,3732,0,0,116,27,10,5,2,
2011-02-07,05,11,12,13,26,1,0,0,12,65,414,1823,3806,0,0,127,23,10,4,2,
2011-02-04,15,18,23,29,32,4,0,0,11,68,417,1635,3858,0,0,133,21,10,5,2,
2011-02-02,02,09,17,34,35,3,0,0,13,43,358,1359,3572,0,0,94,28,9,5,1,
2011-01-31,07,14,17,22,27,4,0,1,21,78,479,1775,3730,0,7108,64,17,8,4,1,
2011-01-28,03,14,17,27,34,4,0,0,12,66,380,1559,3449,0,0,108,19,9,4,2,
2011-01-26,06,07,11,30,31,3,0,1,11,44,376,1227,3198,0,2846,96,24,8,5,1,
2011-01-24,01,10,15,19,35,5,0,1,12,49,354,1378,3156,0,6123,97,23,9,4,2,
2011-01-21,03,08,15,20,32,4,0,0,8,31,287,1188,2872,0,0,139,36,11,5,2,
2011-01-19,04,16,17,24,32,1,0,1,7,33,275,1171,2426,0,12875,146,31,10,5,2,
2011-01-17,05,09,16,29,35,5,0,0,9,43,344,1235,2851,0,0,120,25,9,5,2,
2011-01-14,21,23,26,27,35,3,0,0,9,33,300,1116,2956,0,0,117,31,10,5,1,
2011-01-12,04,08,13,16,33,5,0,0,6,28,255,950,2150,0,0,138,29,9,5,2,
2011-01-10,05,07,22,25,33,1,0,0,3,32,217,962,1996,0,0,275,25,11,4,2,
2011-01-07,14,21,31,34,35,3,0,1,10,22,317,1174,2879,0,2899,108,49,9,5,2,
2011-01-05,04,07,25,27,28,3,0,1,7,27,331,1107,2935,0,14760,138,35,8,5,1,
2011-01-03,02,12,20,31,33,4,1,0,8,36,343,1333,3128,340000,0,157,34,10,5,2,
2010-12-31,11,20,24,34,35,2,0,0,13,47,360,1350,3207,0,0,101,28,10,5,2,
2010-12-29,06,14,29,31,32,5,0,0,12,43,260,1110,2640,0,0,84,23,11,5,2,
2010-12-27,08,15,18,22,26,1,0,0,8,39,244,1110,2270,0,0,119,24,11,5,2,
2010-12-24,03,10,14,19,25,3,0,1,19,36,359,1294,3357,0,11201,60,31,9,5,1,
2010-12-22,12,13,19,22,31,4,0,0,9,38,259,1162,2573,0,0,107,25,10,4,2,
2010-12-20,02,03,06,20,23,4,0,0,10,34,300,1242,2802,0,0,105,31,10,4,2,
2010-12-17,15,21,23,32,35,4,0,0,16,25,260,1077,2572,0,0,63,40,11,5,2,
2010-12-15,13,14,17,23,31,4,1,1,9,29,305,1300,2940,320000,8637,117,36,10,4,1,
2010-12-13,15,19,26,27,29,3,0,0,10,37,321,1155,2954,0,0,103,27,9,5,1,
2010-12-10,03,11,22,28,34,2,0,0,14,55,282,1252,2866,0,0,81,20,11,5,2,
2010-12-08,01,07,17,22,27,3,0,1,16,56,330,1115,2988,0,11147,61,17,8,5,1,
2010-12-06,08,11,17,20,31,2,0,0,10,49,276,1283,2829,0,0,108,22,11,4,2,
2010-12-03,03,21,23,29,34,1,0,0,9,34,272,1205,2679,0,0,123,32,11,5,2,
2010-12-01,02,10,16,18,20,2,0,0,10,42,272,1228,2553,0,0,98,23,10,4,2,
2010-11-29,03,04,17,21,30,2,1,1,15,63,438,1836,4043,687479,20514,105,25,10,5,2,
2010-11-26,22,23,27,29,31,3,0,0,19,56,365,1499,3767,0,0,74,25,11,5,2,
2010-11-24,17,18,22,25,34,2,0,0,18,51,342,1521,3791,0,0,83,29,12,5,2,
2010-11-22,15,19,25,28,35,3,0,0,15,63,469,1698,4327,0,0,104,24,9,5,1,
2010-11-19,04,15,18,24,33,1,0,0,16,55,403,1766,3842,0,0,99,29,11,5,2,
2010-11-17,01,03,26,30,35,5,0,1,9,48,425,1421,3567,0,11164,148,27,9,5,2,
2010-11-15,05,11,12,17,35,2,0,0,11,62,404,1776,3744,0,0,129,22,10,4,2,
2010-11-12,06,11,19,25,32,3,0,0,12,52,448,1547,3961,0,0,117,27,9,5,1,
2010-11-10,09,19,23,30,32,4,0,1,10,45,357,1288,3168,0,15710,120,26,9,5,2,
2010-11-08,02,08,10,12,28,2,0,0,14,64,393,1642,3346,0,0,87,19,9,4,1,
2010-11-05,10,14,15,21,29,5,0,0,11,45,329,1415,3282,0,0,113,27,11,5,2,
2010-11-03,06,12,26,27,31,5,0,0,7,34,287,1166,2772,0,0,152,31,10,5,2,
2010-11-01,10,14,29,31,32,2,0,0,7,26,283,1157,2834,0,0,161,43,11,5,2,
2010-10-29,07,14,17,25,29,1,0,1,12,72,276,1315,2613,0,11370,92,15,11,4,2,
2010-10-27,03,04,05,24,31,1,0,0,4,52,247,1128,2317,0,0,240,18,11,4,2,
2010-10-25,06,11,15,20,32,4,0,0,8,38,300,1109,2901,0,0,134,28,10,5,2,
2010-10-22,02,03,12,13,28,5,0,0,7,35,338,1286,3177,0,0,158,31,9,5,1,
2010-10-20,01,02,11,30,31,3,0,1,8,42,274,958,2698,0,23466,120,22,10,5,1,
2010-10-18,23,24,29,30,35,2,1,0,10,50,304,1345,3171,350000,0,123,24,11,5,2,
2010-10-15,01,02,04,26,35,4,0,0,7,39,321,1373,3181,0,0,180,32,11,5,2,
2010-10-13,01,06,10,15,21,1,0,0,14,58,281,1249,2571,0,0,78,19,11,5,2,
2010-10-11,09,25,26,31,35,1,0,0,15,34,253,1204,2582,0,0,73,32,12,5,2,
2010-10-08,05,18,19,22,23,3,0,0,12,41,354,1203,3330,0,0,93,27,9,5,1,
2010-10-06,03,07,08,21,29,5,0,0,8,40,299,1205,2772,0,0,123,24,9,4,1,
2010-10-04,01,10,23,26,27,1,0,0,8,32,228,1074,2182,0,0,125,31,12,5,2,
